{
  "random_forest_baseline": [
    {
      "filename": "random_forest_baseline_20260215_171846.pkl",
      "timestamp": "20260215_171846",
      "params": {
        "n_estimators": 100,
        "class_weight": "balanced",
        "max_depth": 15,
        "min_samples_split": 10,
        "min_samples_leaf": 5,
        "random_state": 42
      },
      "metrics": {
        "accuracy": 0.3261065123917834,
        "precision": 0.41579068142061754,
        "recall": 0.3261065123917834,
        "f1_score": 0.3393034147182415,
        "confusion_matrix": 